round_id,round_dir,experiment_family,config_label,selected_block,change_path,change_before,change_after,tuning_action,tuning_reason_code,promotion_gate_passed,games,rank,wins,losses,draws,win_rate,average_response_ms,legal_rate,timeout_rate,error_rate,interface_success_rate,prescreen_score_difference,prescreen_mean_score_a,prescreen_mean_score_b,same_round_score,sevo
final_catarena_acceptance_001,reports/catarena_platform/final_catarena_acceptance_001,catarena_platform,final_catarena_acceptance_001,,,,,skipped,no_active_block,False,2,1,0,0,2,0.5,96.40692500000003,1.0,0.0,0.0,1.0,0.0,0.5,0.5,0.5,-0.0005173263086892736
final_catarena_acceptance_002,reports/catarena_platform/final_catarena_acceptance_002,catarena_platform,final_catarena_acceptance_002,,,,,skipped,no_active_block,False,2,1,0,0,2,0.5,96.3744625,1.0,0.0,0.0,1.0,0.0,0.5,0.5,0.5,-0.0005753980708471953
final_catarena_acceptance_003,reports/catarena_platform/final_catarena_acceptance_003,catarena_platform,final_catarena_acceptance_003,,,,,skipped,no_active_block,False,2,1,0,0,2,0.5,96.36726923076921,1.0,0.0,0.0,1.0,0.0,0.5,0.5,0.5,-0.0006314495303352986
live_openai_safe_001,reports/catarena_platform/live_openai_safe_001,catarena_platform,live_openai_safe_001,,,,,skipped,no_active_block,,2,1,2,0,0,1.0,6.608454545454548,1.0,0.0,0.0,1.0,,,,1.0,0.011886669561441599
live_openai_safe_002,reports/catarena_platform/live_openai_safe_002,catarena_platform,live_openai_safe_002,,,,,skipped,no_active_block,,2,1,2,0,0,1.0,10.215390243902437,1.0,0.0,0.0,1.0,,,,1.0,0.011734693877551024
live_openai_safe_003,reports/catarena_platform/live_openai_safe_003,catarena_platform,live_openai_safe_003,,,,,skipped,no_active_block,,2,1,2,0,0,1.0,11.780170731707317,1.0,0.0,0.0,1.0,,,,1.0,0.011572629051620646
live_openai_safe_004,reports/catarena_platform/live_openai_safe_004,catarena_platform,live_openai_safe_004,,,,,skipped,no_active_block,,2,1,2,0,0,1.0,7.768259259259259,1.0,0.0,0.0,1.0,,,,1.0,0.011402714932126697
live_openai_safe_005,reports/catarena_platform/live_openai_safe_005,catarena_platform,live_openai_safe_005,,,,,skipped,no_active_block,,2,1,2,0,0,1.0,5.83604761904762,1.0,0.0,0.0,1.0,,,,1.0,0.011226841970460172
live_openai_safe_006,reports/catarena_platform/live_openai_safe_006,catarena_platform,live_openai_safe_006,,,,,skipped,no_active_block,,2,1,2,0,0,1.0,5.522333333333332,1.0,0.0,0.0,1.0,,,,1.0,0.011046605386228023
live_openai_safe_007,reports/catarena_platform/live_openai_safe_007,catarena_platform,live_openai_safe_007,,,,,skipped,no_active_block,,2,1,2,0,0,1.0,9.73932258064516,1.0,0.0,0.0,1.0,,,,1.0,0.010863350485991996
live_openai_safe_008,reports/catarena_platform/live_openai_safe_008,catarena_platform,live_openai_safe_008,,,,,skipped,no_active_block,,2,1,2,0,0,1.0,5.422823529411764,1.0,0.0,0.0,1.0,,,,1.0,0.010678210678210679
live_openai_safe_009,reports/catarena_platform/live_openai_safe_009,catarena_platform,live_openai_safe_009,,,,,skipped,no_active_block,,2,1,2,0,0,1.0,5.028161290322582,1.0,0.0,0.0,1.0,,,,1.0,0.01049213943950786
live_openai_safe_010,reports/catarena_platform/live_openai_safe_010,catarena_platform,live_openai_safe_010,,,,,skipped,no_active_block,,2,1,2,0,0,1.0,7.241999999999999,1.0,0.0,0.0,1.0,,,,1.0,0.010305937256935443
live_openai_safe_011,reports/catarena_platform/live_openai_safe_011,catarena_platform,live_openai_safe_011,,,,,skipped,no_active_block,,2,1,2,0,0,1.0,5.734000000000001,1.0,0.0,0.0,1.0,,,,1.0,0.010120274385554767
live_openai_safe_012,reports/catarena_platform/live_openai_safe_012,catarena_platform,live_openai_safe_012,,,,,skipped,no_active_block,,2,1,2,0,0,1.0,5.260676470588236,1.0,0.0,0.0,1.0,,,,1.0,0.009935710111046173
live_openai_safe_013,reports/catarena_platform/live_openai_safe_013,catarena_platform,live_openai_safe_013,,,,,skipped,no_active_block,,2,1,2,0,0,1.0,4.42275,1.0,0.0,0.0,1.0,,,,1.0,0.00975270908585718
live_openai_safe_014,reports/catarena_platform/live_openai_safe_014,catarena_platform,live_openai_safe_014,,,,,skipped,no_active_block,,2,1,2,0,0,1.0,4.982600000000001,1.0,0.0,0.0,1.0,,,,1.0,0.009571655208884183
live_openai_safe_015,reports/catarena_platform/live_openai_safe_015,catarena_platform,live_openai_safe_015,,,,,skipped,no_active_block,,2,1,2,0,0,1.0,5.285222222222222,1.0,0.0,0.0,1.0,,,,1.0,0.00939286343834202
live_openai_safe_016,reports/catarena_platform/live_openai_safe_016,catarena_platform,live_openai_safe_016,,,,,skipped,no_active_block,,2,1,2,0,0,1.0,5.033741935483872,1.0,0.0,0.0,1.0,,,,1.0,0.009216589861751152
live_openai_safe_017,reports/catarena_platform/live_openai_safe_017,catarena_platform,live_openai_safe_017,,,,,skipped,no_active_block,,2,1,2,0,0,1.0,5.129571428571429,1.0,0.0,0.0,1.0,,,,1.0,0.009043040293040294
live_openai_safe_018,reports/catarena_platform/live_openai_safe_018,catarena_platform,live_openai_safe_018,,,,,skipped,no_active_block,,2,1,2,0,0,1.0,7.141913043478262,1.0,0.0,0.0,1.0,,,,1.0,0.008872377622377622
live_openai_safe_019,reports/catarena_platform/live_openai_safe_019,catarena_platform,move_ordering.center_pawn_development_bonus: 18->20,search.history_order,move_ordering.center_pawn_development_bonus,18,20,hold,no_gate_cross,,2,1,2,0,0,1.0,7.61057575757576,1.0,0.0,0.0,1.0,,,,1.0,0.008704728107713182
live_openai_safe_020,reports/catarena_platform/live_openai_safe_020,catarena_platform,move_ordering.center_pawn_development_bonus: 18->20,search.history_order,move_ordering.center_pawn_development_bonus,18,20,hold,no_gate_cross,,2,1,2,0,0,1.0,9.89508108108108,1.0,0.0,0.0,1.0,,,,1.0,0.008540186766701253
live_openai_safe_021,reports/catarena_platform/live_openai_safe_021,catarena_platform,move_ordering.center_pawn_development_bonus: 18->20,search.history_order,move_ordering.center_pawn_development_bonus,18,20,freeze,no_gate_cross,,2,1,2,0,0,1.0,4.840821428571428,1.0,0.0,0.0,1.0,,,,1.0,0.008378822002519371
live_openai_safe_022,reports/catarena_platform/live_openai_safe_022,catarena_platform,live_openai_safe_022,,,,,skipped,no_active_block,,2,1,2,0,0,1.0,5.368096774193548,1.0,0.0,0.0,1.0,,,,1.0,0.008220679576178298
live_openai_safe_023,reports/catarena_platform/live_openai_safe_023,catarena_platform,live_openai_safe_023,,,,,skipped,no_active_block,,2,1,2,0,0,1.0,7.696657894736841,1.0,0.0,0.0,1.0,,,,1.0,0.00806578602047065
live_openai_safe_024,reports/catarena_platform/live_openai_safe_024,catarena_platform,live_openai_safe_024,,,,,skipped,no_active_block,,2,1,2,0,0,1.0,7.142906976744189,1.0,0.0,0.0,1.0,,,,1.0,0.007914151576123405
live_openai_safe_025,reports/catarena_platform/live_openai_safe_025,catarena_platform,move_ordering.center_pawn_development_bonus: 18->20,search.history_order,move_ordering.center_pawn_development_bonus,18,20,hold,no_gate_cross,,2,1,2,0,0,1.0,5.288085714285714,1.0,0.0,0.0,1.0,,,,1.0,0.007765772718502798
live_openai_safe_026,reports/catarena_platform/live_openai_safe_026,catarena_platform,move_ordering.center_pawn_development_bonus: 18->20,search.history_order,move_ordering.center_pawn_development_bonus,18,20,hold,no_gate_cross,,2,1,2,0,0,1.0,3.9324864864864875,1.0,0.0,0.0,1.0,,,,1.0,0.0076206343329631
live_openai_safe_027,reports/catarena_platform/live_openai_safe_027,catarena_platform,move_ordering.center_pawn_development_bonus: 18->20,search.history_order,move_ordering.center_pawn_development_bonus,18,20,freeze,no_gate_cross,,2,1,2,0,0,1.0,5.252111111111109,1.0,0.0,0.0,1.0,,,,1.0,0.007478711588300629
live_openai_safe_028,reports/catarena_platform/live_openai_safe_028,catarena_platform,live_openai_safe_028,,,,,skipped,no_active_block,,2,1,2,0,0,1.0,4.2408,1.0,0.0,0.0,1.0,,,,1.0,0.007339971550497866
live_openai_safe_029,reports/catarena_platform/live_openai_safe_029,catarena_platform,live_openai_safe_029,,,,,skipped,no_active_block,,2,1,2,0,0,1.0,8.831272727272728,1.0,0.0,0.0,1.0,,,,1.0,0.007204374572795624
live_openai_safe_030,reports/catarena_platform/live_openai_safe_030,catarena_platform,live_openai_safe_030,,,,,skipped,no_active_block,,2,1,2,0,0,1.0,6.549249999999999,1.0,0.0,0.0,1.0,,,,1.0,0.007071875492928125
live_openai_safe_031,reports/catarena_platform/live_openai_safe_031,catarena_platform,move_ordering.center_pawn_development_bonus: 18->20,search.history_order,move_ordering.center_pawn_development_bonus,18,20,hold,no_gate_cross,,2,1,2,0,0,1.0,4.248022222222224,1.0,0.0,0.0,1.0,,,,1.0,0.006942424663943651
live_openai_safe_032,reports/catarena_platform/live_openai_safe_032,catarena_platform,move_ordering.center_pawn_development_bonus: 18->20,search.history_order,move_ordering.center_pawn_development_bonus,18,20,hold,no_gate_cross,,2,1,2,0,0,1.0,4.265454545454544,1.0,0.0,0.0,1.0,,,,1.0,0.006815968841285295
live_openai_safe_033,reports/catarena_platform/live_openai_safe_033,catarena_platform,move_ordering.center_pawn_development_bonus: 18->20,search.history_order,move_ordering.center_pawn_development_bonus,18,20,freeze,no_gate_cross,,2,1,2,0,0,1.0,5.139351351351351,1.0,0.0,0.0,1.0,,,,1.0,0.006692451945616503
live_openai_safe_034,reports/catarena_platform/live_openai_safe_034,catarena_platform,live_openai_safe_034,,,,,skipped,no_active_block,,2,1,2,0,0,1.0,6.076,1.0,0.0,0.0,1.0,,,,1.0,0.006571815718157183
live_openai_safe_035,reports/catarena_platform/live_openai_safe_035,catarena_platform,live_openai_safe_035,,,,,skipped,no_active_block,,2,1,2,0,0,1.0,7.385,1.0,0.0,0.0,1.0,,,,1.0,0.006454000282974719
live_openai_safe_036,reports/catarena_platform/live_openai_safe_036,catarena_platform,live_openai_safe_036,,,,,skipped,no_active_block,,2,1,2,0,0,1.0,4.8026363636363625,1.0,0.0,0.0,1.0,,,,1.0,0.006338944628688974
live_openai_safe_037,reports/catarena_platform/live_openai_safe_037,catarena_platform,move_ordering.center_pawn_development_bonus: 18->20,search.history_order,move_ordering.center_pawn_development_bonus,18,20,hold,no_gate_cross,,2,1,2,0,0,1.0,4.381874999999999,1.0,0.0,0.0,1.0,,,,1.0,0.0062265870203503096
live_openai_safe_038,reports/catarena_platform/live_openai_safe_038,catarena_platform,move_ordering.center_pawn_development_bonus: 18->20,search.history_order,move_ordering.center_pawn_development_bonus,18,20,hold,no_gate_cross,,2,1,2,0,0,1.0,4.592931034482758,1.0,0.0,0.0,1.0,,,,1.0,0.006116865350791479
live_openai_safe_039,reports/catarena_platform/live_openai_safe_039,catarena_platform,move_ordering.center_pawn_development_bonus: 18->20,search.history_order,move_ordering.center_pawn_development_bonus,18,20,freeze,no_gate_cross,,2,1,2,0,0,1.0,4.648370370370371,1.0,0.0,0.0,1.0,,,,1.0,0.006009717439501866
live_openai_safe_040,reports/catarena_platform/live_openai_safe_040,catarena_platform,live_openai_safe_040,,,,,skipped,no_active_block,,2,1,2,0,0,1.0,3.7490416666666655,1.0,0.0,0.0,1.0,,,,1.0,0.00590508128599548
live_openai_safe_041,reports/catarena_platform/live_openai_safe_041,catarena_platform,live_openai_safe_041,,,,,skipped,no_active_block,,2,1,2,0,0,1.0,5.0888,1.0,0.0,0.0,1.0,,,,1.0,0.005802895283716671
live_openai_safe_042,reports/catarena_platform/live_openai_safe_042,catarena_platform,live_openai_safe_042,,,,,skipped,no_active_block,,2,1,2,0,0,1.0,5.357621621621621,1.0,0.0,0.0,1.0,,,,1.0,0.005703098399727613
live_openai_safe_043,reports/catarena_platform/live_openai_safe_043,catarena_platform,move_ordering.center_pawn_development_bonus: 18->20,search.history_order,move_ordering.center_pawn_development_bonus,18,20,hold,no_gate_cross,,2,1,2,0,0,1.0,3.5020740740740752,1.0,0.0,0.0,1.0,,,,1.0,0.005605630324731448
live_openai_safe_044,reports/catarena_platform/live_openai_safe_044,catarena_platform,move_ordering.center_pawn_development_bonus: 18->20,search.history_order,move_ordering.center_pawn_development_bonus,18,20,hold,no_gate_cross,,2,1,2,0,0,1.0,2.189047619047619,1.0,0.0,0.0,1.0,,,,1.0,0.00551043159738812
live_openai_safe_045,reports/catarena_platform/live_openai_safe_045,catarena_platform,move_ordering.center_pawn_development_bonus: 18->20,search.history_order,move_ordering.center_pawn_development_bonus,18,20,freeze,no_gate_cross,,2,1,2,0,0,1.0,4.716625000000001,1.0,0.0,0.0,1.0,,,,1.0,0.005417443706363763
live_openai_safe_046,reports/catarena_platform/live_openai_safe_046,catarena_platform,live_openai_safe_046,,,,,skipped,no_active_block,,2,1,2,0,0,1.0,3.139444444444444,1.0,0.0,0.0,1.0,,,,1.0,0.005326609173107338
live_openai_safe_047,reports/catarena_platform/live_openai_safe_047,catarena_platform,live_openai_safe_047,,,,,skipped,no_active_block,,2,1,2,0,0,1.0,3.9531818181818177,1.0,0.0,0.0,1.0,,,,1.0,0.00523787161796048
live_openai_safe_048,reports/catarena_platform/live_openai_safe_048,catarena_platform,live_openai_safe_048,,,,,skipped,no_active_block,,2,1,2,0,0,1.0,3.6437307692307694,1.0,0.0,0.0,1.0,,,,1.0,0.0051511758118701
live_openai_safe_049,reports/catarena_platform/live_openai_safe_049,catarena_platform,move_ordering.center_pawn_development_bonus: 18->20,search.history_order,move_ordering.center_pawn_development_bonus,18,20,hold,no_gate_cross,,2,1,2,0,0,1.0,3.7458749999999994,1.0,0.0,0.0,1.0,,,,1.0,0.0050664677156809544
live_openai_safe_050,reports/catarena_platform/live_openai_safe_050,catarena_platform,move_ordering.center_pawn_development_bonus: 18->20,search.history_order,move_ordering.center_pawn_development_bonus,18,20,hold,no_gate_cross,,2,1,2,0,0,1.0,5.716666666666665,1.0,0.0,0.0,1.0,,,,1.0,0.004983694508731327
live_openai_safe_051,reports/catarena_platform/live_openai_safe_051,catarena_platform,move_ordering.center_pawn_development_bonus: 18->20,search.history_order,move_ordering.center_pawn_development_bonus,18,20,freeze,no_gate_cross,,2,1,2,0,0,1.0,5.477705882352942,1.0,0.0,0.0,1.0,,,,1.0,0.004902804608253798
live_openai_safe_052,reports/catarena_platform/live_openai_safe_052,catarena_platform,live_openai_safe_052,,,,,skipped,no_active_block,,2,1,2,0,0,1.0,2.661722222222222,1.0,0.0,0.0,1.0,,,,1.0,0.004823747680890537
live_openai_safe_053,reports/catarena_platform/live_openai_safe_053,catarena_platform,live_openai_safe_053,,,,,skipped,no_active_block,,2,1,2,0,0,1.0,3.0218214285714287,1.0,0.0,0.0,1.0,,,,1.0,0.004746474647464747
live_openai_safe_054,reports/catarena_platform/live_openai_safe_054,catarena_platform,live_openai_safe_054,,,,,skipped,no_active_block,,2,1,2,0,0,1.0,5.065610169491524,1.0,0.0,0.0,1.0,,,,1.0,0.004670937682003495
live_openai_safe_055,reports/catarena_platform/live_openai_safe_055,catarena_platform,move_ordering.center_pawn_development_bonus: 18->20,search.history_order,move_ordering.center_pawn_development_bonus,18,20,hold,no_gate_cross,,2,1,2,0,0,1.0,3.0565199999999995,1.0,0.0,0.0,1.0,,,,1.0,0.004597090205879526
live_openai_safe_056,reports/catarena_platform/live_openai_safe_056,catarena_platform,move_ordering.center_pawn_development_bonus: 18->20,search.history_order,move_ordering.center_pawn_development_bonus,18,20,hold,no_gate_cross,,2,1,2,0,0,1.0,3.1942222222222227,1.0,0.0,0.0,1.0,,,,1.0,0.004524886877828055
live_openai_safe_057,reports/catarena_platform/live_openai_safe_057,catarena_platform,move_ordering.center_pawn_development_bonus: 18->20,search.history_order,move_ordering.center_pawn_development_bonus,18,20,freeze,no_gate_cross,,2,1,2,0,0,1.0,2.0754375,1.0,0.0,0.0,1.0,,,,1.0,0.004454283580497172
live_openai_safe_058,reports/catarena_platform/live_openai_safe_058,catarena_platform,live_openai_safe_058,,,,,skipped,no_active_block,,2,1,2,0,0,1.0,4.013184210526315,1.0,0.0,0.0,1.0,,,,1.0,0.004385237404105328
live_openai_safe_059,reports/catarena_platform/live_openai_safe_059,catarena_platform,live_openai_safe_059,,,,,skipped,no_active_block,,2,1,2,0,0,1.0,4.584950000000001,1.0,0.0,0.0,1.0,,,,1.0,0.004317706627704866
live_openai_safe_060,reports/catarena_platform/live_openai_safe_060,catarena_platform,live_openai_safe_060,,,,,skipped,no_active_block,,2,1,2,0,0,1.0,3.190533333333334,1.0,0.0,0.0,1.0,,,,1.0,0.004251650698485472
live_openai_safe_061,reports/catarena_platform/live_openai_safe_061,catarena_platform,move_ordering.center_pawn_development_bonus: 18->20,search.history_order,move_ordering.center_pawn_development_bonus,18,20,hold,direction_unstable,,2,1,2,0,0,1.0,2.0561111111111114,1.0,0.0,0.0,1.0,,,,1.0,0.004187030209494413
live_openai_safe_062,reports/catarena_platform/live_openai_safe_062,catarena_platform,move_ordering.center_pawn_development_bonus: 18->20,search.history_order,move_ordering.center_pawn_development_bonus,18,20,hold,direction_unstable,,2,1,2,0,0,1.0,2.6975263157894735,1.0,0.0,0.0,1.0,,,,1.0,0.004123806876100455
live_openai_safe_063,reports/catarena_platform/live_openai_safe_063,catarena_platform,move_ordering.center_pawn_development_bonus: 18->20,search.history_order,move_ordering.center_pawn_development_bonus,18,20,hold,no_gate_cross,,2,1,2,0,0,1.0,6.220828571428571,1.0,0.0,0.0,1.0,,,,1.0,0.004061943511484796
live_openai_safe_064,reports/catarena_platform/live_openai_safe_064,catarena_platform,live_openai_safe_064,,,,,skipped,no_active_block,,2,1,2,0,0,1.0,3.89009375,1.0,0.0,0.0,1.0,,,,1.0,0.004001404001404001
live_openai_safe_065,reports/catarena_platform/live_openai_safe_065,catarena_platform,live_openai_safe_065,,,,,skipped,no_active_block,,2,1,2,0,0,1.0,3.821615384615385,1.0,0.0,0.0,1.0,,,,1.0,0.003942153278436464
live_openai_safe_066,reports/catarena_platform/live_openai_safe_066,catarena_platform,live_openai_safe_066,,,,,skipped,no_active_block,,2,1,2,0,0,1.0,3.121764705882353,1.0,0.0,0.0,1.0,,,,1.0,0.0038841572958946036
live_openai_safe_067,reports/catarena_platform/live_openai_safe_067,catarena_platform,live_openai_safe_067,,,,,skipped,no_active_block,,2,1,2,0,0,1.0,4.650884615384616,1.0,0.0,0.0,1.0,,,,1.0,0.0038273830015593036
live_openai_safe_068,reports/catarena_platform/live_openai_safe_068,catarena_platform,live_openai_safe_068,,,,,skipped,no_active_block,,2,1,2,0,0,1.0,2.7543999999999995,1.0,0.0,0.0,1.0,,,,1.0,0.00377179831137063
live_openai_safe_069,reports/catarena_platform/live_openai_safe_069,catarena_platform,live_openai_safe_069,,,,,skipped,no_active_block,,2,1,2,0,0,1.0,4.358157894736841,1.0,0.0,0.0,1.0,,,,1.0,0.0037173720831891743
live_openai_safe_070,reports/catarena_platform/live_openai_safe_070,catarena_platform,live_openai_safe_070,,,,,skipped,no_active_block,,2,1,2,0,0,1.0,3.6560476190476185,1.0,0.0,0.0,1.0,,,,1.0,0.0036640740907251724
live_openai_safe_071,reports/catarena_platform/live_openai_safe_071,catarena_platform,live_openai_safe_071,,,,,skipped,no_active_block,,2,1,2,0,0,1.0,3.6721724137931027,1.0,0.0,0.0,1.0,,,,1.0,0.00361187499771747
live_openai_safe_072,reports/catarena_platform/live_openai_safe_072,catarena_platform,live_openai_safe_072,,,,,skipped,no_active_block,,2,1,2,0,0,1.0,3.4986250000000005,1.0,0.0,0.0,1.0,,,,1.0,0.0035607463324312774
live_openai_safe_073,reports/catarena_platform/live_openai_safe_073,catarena_platform,live_openai_safe_073,,,,,skipped,no_active_block,,2,1,2,0,0,1.0,6.1834444444444445,1.0,0.0,0.0,1.0,,,,1.0,0.0035106604625321203
live_openai_safe_074,reports/catarena_platform/live_openai_safe_074,catarena_platform,live_openai_safe_074,,,,,skipped,no_active_block,,2,1,2,0,0,1.0,3.652181818181818,1.0,0.0,0.0,1.0,,,,1.0,0.0034615905703834163
live_openai_safe_075,reports/catarena_platform/live_openai_safe_075,catarena_platform,live_openai_safe_075,,,,,skipped,no_active_block,,2,1,2,0,0,1.0,3.3279285714285716,1.0,0.0,0.0,1.0,,,,1.0,0.0034135106288063293
live_openai_safe_076,reports/catarena_platform/live_openai_safe_076,catarena_platform,live_openai_safe_076,,,,,skipped,no_active_block,,2,1,2,0,0,1.0,4.1436170212765955,1.0,0.0,0.0,1.0,,,,1.0,0.003366395377332938
live_openai_safe_077,reports/catarena_platform/live_openai_safe_077,catarena_platform,live_openai_safe_077,,,,,skipped,no_active_block,,2,1,2,0,0,1.0,2.1728666666666667,1.0,0.0,0.0,1.0,,,,1.0,0.003320220298977184
live_openai_safe_078,reports/catarena_platform/live_openai_safe_078,catarena_platform,live_openai_safe_078,,,,,skipped,no_active_block,,2,1,2,0,0,1.0,4.45124,1.0,0.0,0.0,1.0,,,,1.0,0.0032749615975422425
live_openai_safe_079,reports/catarena_platform/live_openai_safe_079,catarena_platform,live_openai_safe_079,,,,,skipped,no_active_block,,2,1,2,0,0,1.0,4.635318181818183,1.0,0.0,0.0,1.0,,,,1.0,0.0032305961754780653
live_openai_safe_080,reports/catarena_platform/live_openai_safe_080,catarena_platform,live_openai_safe_080,,,,,skipped,no_active_block,,2,1,2,0,0,1.0,4.243749999999999,1.0,0.0,0.0,1.0,,,,1.0,0.0031871016122984627
live_openai_safe_081,reports/catarena_platform/live_openai_safe_081,catarena_platform,live_openai_safe_081,,,,,skipped,no_active_block,,2,1,2,0,0,1.0,3.7941842105263164,1.0,0.0,0.0,1.0,,,,1.0,0.00314445614356345
live_openai_safe_082,reports/catarena_platform/live_openai_safe_082,catarena_platform,live_openai_safe_082,,,,,skipped,no_active_block,,2,1,2,0,0,1.0,3.9417037037037037,1.0,0.0,0.0,1.0,,,,1.0,0.003102638640429338
live_openai_safe_083,reports/catarena_platform/live_openai_safe_083,catarena_platform,live_openai_safe_083,,,,,skipped,no_active_block,,2,1,2,0,0,1.0,4.257466666666668,1.0,0.0,0.0,1.0,,,,1.0,0.00306162858976635
live_openai_safe_084,reports/catarena_platform/live_openai_safe_084,catarena_platform,live_openai_safe_084,,,,,skipped,no_active_block,,2,1,2,0,0,1.0,3.872190476190475,1.0,0.0,0.0,1.0,,,,1.0,0.003021406074841189
live_openai_safe_085,reports/catarena_platform/live_openai_safe_085,catarena_platform,live_openai_safe_085,,,,,skipped,no_active_block,,2,1,2,0,0,1.0,5.1101,1.0,0.0,0.0,1.0,,,,1.0,0.002981951756560033
live_openai_safe_086,reports/catarena_platform/live_openai_safe_086,catarena_platform,live_openai_safe_086,,,,,skipped,no_active_block,,2,1,2,0,0,1.0,3.6075999999999997,1.0,0.0,0.0,1.0,,,,1.0,0.0029432468552657086
live_openai_safe_087,reports/catarena_platform/live_openai_safe_087,catarena_platform,live_openai_safe_087,,,,,skipped,no_active_block,,2,1,2,0,0,1.0,7.052535714285716,1.0,0.0,0.0,1.0,,,,1.0,0.00290527313308146
live_openai_safe_088,reports/catarena_platform/live_openai_safe_088,catarena_platform,live_openai_safe_088,,,,,skipped,no_active_block,,2,1,2,0,0,1.0,3.3989999999999987,1.0,0.0,0.0,1.0,,,,1.0,0.0028680128767925076
live_openai_safe_089,reports/catarena_platform/live_openai_safe_089,catarena_platform,live_openai_safe_089,,,,,skipped,no_active_block,,2,1,2,0,0,1.0,4.523450980392158,1.0,0.0,0.0,1.0,,,,1.0,0.002831448881255665
live_openai_safe_090,reports/catarena_platform/live_openai_safe_090,catarena_platform,live_openai_safe_090,,,,,skipped,no_active_block,,2,1,2,0,0,1.0,3.80271111111111,1.0,0.0,0.0,1.0,,,,1.0,0.002795564433326488
live_openai_safe_091,reports/catarena_platform/live_openai_safe_091,catarena_platform,live_openai_safe_091,,,,,skipped,no_active_block,,2,1,2,0,0,1.0,5.535695652173913,1.0,0.0,0.0,1.0,,,,1.0,0.00276034329629283
live_openai_safe_092,reports/catarena_platform/live_openai_safe_092,catarena_platform,live_openai_safe_092,,,,,skipped,no_active_block,,2,1,2,0,0,1.0,2.4085833333333335,1.0,0.0,0.0,1.0,,,,1.0,0.0027257696948031636
live_openai_safe_093,reports/catarena_platform/live_openai_safe_093,catarena_platform,live_openai_safe_093,,,,,skipped,no_active_block,,2,1,2,0,0,1.0,3.9034999999999997,1.0,0.0,0.0,1.0,,,,1.0,0.002691828300277711
live_openai_safe_094,reports/catarena_platform/live_openai_safe_094,catarena_platform,live_openai_safe_094,,,,,skipped,no_active_block,,2,1,2,0,0,1.0,4.934480000000001,1.0,0.0,0.0,1.0,,,,1.0,0.002658504216790102
live_openai_safe_095,reports/catarena_platform/live_openai_safe_095,catarena_platform,live_openai_safe_095,,,,,skipped,no_active_block,,2,1,2,0,0,1.0,3.8942285714285716,1.0,0.0,0.0,1.0,,,,1.0,0.0026257829674071797
live_openai_safe_096,reports/catarena_platform/live_openai_safe_096,catarena_platform,live_openai_safe_096,,,,,skipped,no_active_block,,2,1,2,0,0,1.0,3.8605428571428573,1.0,0.0,0.0,1.0,,,,1.0,0.0025936504809744246
live_openai_safe_097,reports/catarena_platform/live_openai_safe_097,catarena_platform,live_openai_safe_097,,,,,skipped,no_active_block,,2,1,2,0,0,1.0,3.1735675675675674,1.0,0.0,0.0,1.0,,,,1.0,0.0025620930793344592
live_openai_safe_098,reports/catarena_platform/live_openai_safe_098,catarena_platform,live_openai_safe_098,,,,,skipped,no_active_block,,2,1,2,0,0,1.0,4.3920810810810815,1.0,0.0,0.0,1.0,,,,1.0,0.002531097464966147
live_openai_safe_099,reports/catarena_platform/live_openai_safe_099,catarena_platform,live_openai_safe_099,,,,,skipped,no_active_block,,2,1,2,0,0,1.0,3.2958000000000003,1.0,0.0,0.0,1.0,,,,1.0,0.002500650709031842
live_openai_safe_100,reports/catarena_platform/live_openai_safe_100,catarena_platform,live_openai_safe_100,,,,,skipped,no_active_block,,2,1,2,0,0,1.0,4.837935483870969,1.0,0.0,0.0,1.0,,,,1.0,0.0024707402398204746
live_openai_safe_101,reports/catarena_platform/live_openai_safe_101,catarena_platform,live_openai_safe_101,,,,,skipped,no_active_block,,2,1,2,0,0,1.0,4.326114285714286,1.0,0.0,0.0,1.0,,,,1.0,0.002441353831574349
live_safe_001,reports/catarena_platform/live_safe_001,catarena_platform,move_ordering.center_pawn_development_bonus: 18->20,search.history_order,move_ordering.center_pawn_development_bonus,18,20,freeze,direction_unstable,,2,1,2,0,0,1.0,10.549233333333332,1.0,0.0,0.0,1.0,,,,1.0,-0.0002736726874657909
live_safe_002,reports/catarena_platform/live_safe_002,catarena_platform,live_safe_002,,,,,skipped,no_active_block,,2,1,2,0,0,1.0,12.734388888888889,1.0,0.0,0.0,1.0,,,,1.0,0.0024630541871921187
live_safe_003,reports/catarena_platform/live_safe_003,catarena_platform,live_safe_003,,,,,skipped,no_active_block,,2,1,2,0,0,1.0,5.332031250000001,1.0,0.0,0.0,1.0,,,,1.0,0.0046718576195773085
live_safe_004,reports/catarena_platform/live_safe_004,catarena_platform,live_safe_004,,,,,skipped,no_active_block,,2,1,2,0,0,1.0,5.63071875,1.0,0.0,0.0,1.0,,,,1.0,0.0064516129032258064
live_safe_005,reports/catarena_platform/live_safe_005,catarena_platform,live_safe_005,,,,,skipped,no_active_block,,2,1,2,0,0,1.0,6.3367916666666675,1.0,0.0,0.0,1.0,,,,1.0,0.007881231671554252
live_safe_006,reports/catarena_platform/live_safe_006,catarena_platform,live_safe_006,,,,,skipped,no_active_block,,2,1,2,0,0,1.0,4.938953488372093,1.0,0.0,0.0,1.0,,,,1.0,0.009024064171122994
live_safe_007,reports/catarena_platform/live_safe_007,catarena_platform,live_safe_007,,,,,skipped,no_active_block,,2,1,2,0,0,1.0,6.2294909090909085,1.0,0.0,0.0,1.0,,,,1.0,0.009931245225362872
live_safe_008,reports/catarena_platform/live_safe_008,catarena_platform,live_safe_008,,,,,skipped,no_active_block,,2,1,2,0,0,1.0,5.422267857142858,1.0,0.0,0.0,1.0,,,,1.0,0.010644257703081233
live_safe_009,reports/catarena_platform/live_safe_009,catarena_platform,live_safe_009,,,,,skipped,no_active_block,,2,1,2,0,0,1.0,5.2781142857142855,1.0,0.0,0.0,1.0,,,,1.0,0.011196911196911196
live_safe_010,reports/catarena_platform/live_safe_010,catarena_platform,live_safe_010,,,,,skipped,no_active_block,,2,1,2,0,0,1.0,3.56435,1.0,0.0,0.0,1.0,,,,1.0,0.011616880037932669
live_safe_011,reports/catarena_platform/live_safe_011,catarena_platform,live_safe_011,,,,,skipped,no_active_block,,2,1,2,0,0,1.0,9.8076,1.0,0.0,0.0,1.0,,,,1.0,0.011926906663748769
live_safe_012,reports/catarena_platform/live_safe_012,catarena_platform,live_safe_012,,,,,skipped,no_active_block,,2,1,2,0,0,1.0,5.073290322580645,1.0,0.0,0.0,1.0,,,,1.0,0.01214574898785425
live_safe_013,reports/catarena_platform/live_safe_013,catarena_platform,live_safe_013,,,,,skipped,no_active_block,,2,1,2,0,0,1.0,2.5400000000000005,1.0,0.0,0.0,1.0,,,,1.0,0.012288930581613509
live_safe_014,reports/catarena_platform/live_safe_014,catarena_platform,live_safe_014,,,,,skipped,no_active_block,,2,1,2,0,0,1.0,5.071707317073173,1.0,0.0,0.0,1.0,,,,1.0,0.012369337979094074
live_safe_015,reports/catarena_platform/live_safe_015,catarena_platform,live_safe_015,,,,,skipped,no_active_block,,2,1,2,0,0,1.0,5.276260869565218,1.0,0.0,0.0,1.0,,,,1.0,0.012397698727817843
live_safe_016,reports/catarena_platform/live_safe_016,catarena_platform,live_safe_016,,,,,skipped,no_active_block,,2,1,2,0,0,1.0,4.714535714285715,1.0,0.0,0.0,1.0,,,,1.0,0.012382965871337966
live_safe_017,reports/catarena_platform/live_safe_017,catarena_platform,live_safe_017,,,,,skipped,no_active_block,,2,1,2,0,0,1.0,3.4915238095238097,1.0,0.0,0.0,1.0,,,,1.0,0.01233262861169838
live_safe_018,reports/catarena_platform/live_safe_018,catarena_platform,live_safe_018,,,,,skipped,no_active_block,,2,1,2,0,0,1.0,4.196321428571428,1.0,0.0,0.0,1.0,,,,1.0,0.01225296442687747
live_safe_019,reports/catarena_platform/live_safe_019,catarena_platform,live_safe_019,,,,,skipped,no_active_block,,2,1,2,0,0,1.0,3.6995749999999994,1.0,0.0,0.0,1.0,,,,1.0,0.012149244526672837
live_safe_020,reports/catarena_platform/live_safe_020,catarena_platform,live_safe_020,,,,,skipped,no_active_block,,2,1,2,0,0,1.0,3.9987714285714278,1.0,0.0,0.0,1.0,,,,1.0,0.012025901942645698
